strategy,total_trades,profitable_trades,losing_trades,win_rate_pct,total_profit,avg_profit,max_profit,max_loss
SMAStrategy10,80,30,50,37.5,5730.758340779968,71.63447925974961,3746.013610839844,-787.5997314453125
SMAStrategy30,35,13,22,37.14,10092.965548545542,288.37044424415836,6389.600830078125,-574.2191125068427
GoldenCrossStrategy1030,5,4,1,80.0,4251.485103951007,850.2970207902014,1661.897825608948,-25.04535972740433
